token_id,owner
1,bitsong1gwq9m0uc2a4m5xfcr6jurq3pyutam32z5e04yp
51,bitsong1kr9phxmf5efd7z0mf3nmr6k8qt7u8pwvlcxvg5
52,bitsong1kr9phxmf5efd7z0mf3nmr6k8qt7u8pwvlcxvg5
53,bitsong1kr9phxmf5efd7z0mf3nmr6k8qt7u8pwvlcxvg5
54,bitsong1kr9phxmf5efd7z0mf3nmr6k8qt7u8pwvlcxvg5
55,bitsong1kr9phxmf5efd7z0mf3nmr6k8qt7u8pwvlcxvg5
56,bitsong1kr9phxmf5efd7z0mf3nmr6k8qt7u8pwvlcxvg5
57,bitsong1kr9phxmf5efd7z0mf3nmr6k8qt7u8pwvlcxvg5
58,bitsong1kr9phxmf5efd7z0mf3nmr6k8qt7u8pwvlcxvg5
59,bitsong1kr9phxmf5efd7z0mf3nmr6k8qt7u8pwvlcxvg5
60,bitsong1kr9phxmf5efd7z0mf3nmr6k8qt7u8pwvlcxvg5
61,bitsong1kr9phxmf5efd7z0mf3nmr6k8qt7u8pwvlcxvg5
62,bitsong1kr9phxmf5efd7z0mf3nmr6k8qt7u8pwvlcxvg5
63,bitsong1kr9phxmf5efd7z0mf3nmr6k8qt7u8pwvlcxvg5
64,bitsong1kr9phxmf5efd7z0mf3nmr6k8qt7u8pwvlcxvg5
65,bitsong1kr9phxmf5efd7z0mf3nmr6k8qt7u8pwvlcxvg5
66,bitsong1kr9phxmf5efd7z0mf3nmr6k8qt7u8pwvlcxvg5
67,bitsong1kr9phxmf5efd7z0mf3nmr6k8qt7u8pwvlcxvg5
68,bitsong1kr9phxmf5efd7z0mf3nmr6k8qt7u8pwvlcxvg5
69,bitsong1kr9phxmf5efd7z0mf3nmr6k8qt7u8pwvlcxvg5
70,bitsong1kr9phxmf5efd7z0mf3nmr6k8qt7u8pwvlcxvg5
71,bitsong1kr9phxmf5efd7z0mf3nmr6k8qt7u8pwvlcxvg5
72,bitsong1kr9phxmf5efd7z0mf3nmr6k8qt7u8pwvlcxvg5
73,bitsong1kr9phxmf5efd7z0mf3nmr6k8qt7u8pwvlcxvg5
74,bitsong1kr9phxmf5efd7z0mf3nmr6k8qt7u8pwvlcxvg5
75,bitsong1kr9phxmf5efd7z0mf3nmr6k8qt7u8pwvlcxvg5
76,bitsong1kr9phxmf5efd7z0mf3nmr6k8qt7u8pwvlcxvg5
77,bitsong1kr9phxmf5efd7z0mf3nmr6k8qt7u8pwvlcxvg5
78,bitsong1kr9phxmf5efd7z0mf3nmr6k8qt7u8pwvlcxvg5
79,bitsong1kr9phxmf5efd7z0mf3nmr6k8qt7u8pwvlcxvg5
80,bitsong1kr9phxmf5efd7z0mf3nmr6k8qt7u8pwvlcxvg5
81,bitsong1kr9phxmf5efd7z0mf3nmr6k8qt7u8pwvlcxvg5
82,bitsong1kr9phxmf5efd7z0mf3nmr6k8qt7u8pwvlcxvg5
83,bitsong1kr9phxmf5efd7z0mf3nmr6k8qt7u8pwvlcxvg5
84,bitsong1kr9phxmf5efd7z0mf3nmr6k8qt7u8pwvlcxvg5
85,bitsong1kr9phxmf5efd7z0mf3nmr6k8qt7u8pwvlcxvg5
86,bitsong1kr9phxmf5efd7z0mf3nmr6k8qt7u8pwvlcxvg5
87,bitsong1kr9phxmf5efd7z0mf3nmr6k8qt7u8pwvlcxvg5
88,bitsong1kr9phxmf5efd7z0mf3nmr6k8qt7u8pwvlcxvg5
89,bitsong1kr9phxmf5efd7z0mf3nmr6k8qt7u8pwvlcxvg5
90,bitsong1kr9phxmf5efd7z0mf3nmr6k8qt7u8pwvlcxvg5
91,bitsong1kr9phxmf5efd7z0mf3nmr6k8qt7u8pwvlcxvg5
92,bitsong1kr9phxmf5efd7z0mf3nmr6k8qt7u8pwvlcxvg5
93,bitsong1kr9phxmf5efd7z0mf3nmr6k8qt7u8pwvlcxvg5
94,bitsong1kr9phxmf5efd7z0mf3nmr6k8qt7u8pwvlcxvg5
95,bitsong1kr9phxmf5efd7z0mf3nmr6k8qt7u8pwvlcxvg5
96,bitsong1kr9phxmf5efd7z0mf3nmr6k8qt7u8pwvlcxvg5
97,bitsong1kr9phxmf5efd7z0mf3nmr6k8qt7u8pwvlcxvg5
98,bitsong1kr9phxmf5efd7z0mf3nmr6k8qt7u8pwvlcxvg5
99,bitsong1kr9phxmf5efd7z0mf3nmr6k8qt7u8pwvlcxvg5
100,bitsong1kr9phxmf5efd7z0mf3nmr6k8qt7u8pwvlcxvg5
101,bitsong1kr9phxmf5efd7z0mf3nmr6k8qt7u8pwvlcxvg5
102,bitsong1kr9phxmf5efd7z0mf3nmr6k8qt7u8pwvlcxvg5
103,bitsong1kr9phxmf5efd7z0mf3nmr6k8qt7u8pwvlcxvg5
104,bitsong1kr9phxmf5efd7z0mf3nmr6k8qt7u8pwvlcxvg5
105,bitsong1kr9phxmf5efd7z0mf3nmr6k8qt7u8pwvlcxvg5
106,bitsong1kr9phxmf5efd7z0mf3nmr6k8qt7u8pwvlcxvg5
107,bitsong1kr9phxmf5efd7z0mf3nmr6k8qt7u8pwvlcxvg5
108,bitsong1kr9phxmf5efd7z0mf3nmr6k8qt7u8pwvlcxvg5
109,bitsong1kr9phxmf5efd7z0mf3nmr6k8qt7u8pwvlcxvg5
110,bitsong1kr9phxmf5efd7z0mf3nmr6k8qt7u8pwvlcxvg5
111,bitsong1kr9phxmf5efd7z0mf3nmr6k8qt7u8pwvlcxvg5
112,bitsong1kr9phxmf5efd7z0mf3nmr6k8qt7u8pwvlcxvg5
113,bitsong1kr9phxmf5efd7z0mf3nmr6k8qt7u8pwvlcxvg5
114,bitsong1kr9phxmf5efd7z0mf3nmr6k8qt7u8pwvlcxvg5
115,bitsong1kr9phxmf5efd7z0mf3nmr6k8qt7u8pwvlcxvg5
116,bitsong1kr9phxmf5efd7z0mf3nmr6k8qt7u8pwvlcxvg5
117,bitsong1kr9phxmf5efd7z0mf3nmr6k8qt7u8pwvlcxvg5
118,bitsong1kr9phxmf5efd7z0mf3nmr6k8qt7u8pwvlcxvg5
119,bitsong1kr9phxmf5efd7z0mf3nmr6k8qt7u8pwvlcxvg5
120,bitsong1kr9phxmf5efd7z0mf3nmr6k8qt7u8pwvlcxvg5
121,bitsong1kr9phxmf5efd7z0mf3nmr6k8qt7u8pwvlcxvg5
122,bitsong1kr9phxmf5efd7z0mf3nmr6k8qt7u8pwvlcxvg5
123,bitsong1kr9phxmf5efd7z0mf3nmr6k8qt7u8pwvlcxvg5
124,bitsong1kr9phxmf5efd7z0mf3nmr6k8qt7u8pwvlcxvg5
125,bitsong1kr9phxmf5efd7z0mf3nmr6k8qt7u8pwvlcxvg5
126,bitsong1kr9phxmf5efd7z0mf3nmr6k8qt7u8pwvlcxvg5
127,bitsong1kr9phxmf5efd7z0mf3nmr6k8qt7u8pwvlcxvg5
128,bitsong1kr9phxmf5efd7z0mf3nmr6k8qt7u8pwvlcxvg5
129,bitsong1kr9phxmf5efd7z0mf3nmr6k8qt7u8pwvlcxvg5
130,bitsong1kr9phxmf5efd7z0mf3nmr6k8qt7u8pwvlcxvg5
131,bitsong1kr9phxmf5efd7z0mf3nmr6k8qt7u8pwvlcxvg5
132,bitsong1kr9phxmf5efd7z0mf3nmr6k8qt7u8pwvlcxvg5
133,bitsong1kr9phxmf5efd7z0mf3nmr6k8qt7u8pwvlcxvg5
134,bitsong1kr9phxmf5efd7z0mf3nmr6k8qt7u8pwvlcxvg5
135,bitsong1kr9phxmf5efd7z0mf3nmr6k8qt7u8pwvlcxvg5
136,bitsong1kr9phxmf5efd7z0mf3nmr6k8qt7u8pwvlcxvg5
137,bitsong1kr9phxmf5efd7z0mf3nmr6k8qt7u8pwvlcxvg5
138,bitsong1kr9phxmf5efd7z0mf3nmr6k8qt7u8pwvlcxvg5
139,bitsong1kr9phxmf5efd7z0mf3nmr6k8qt7u8pwvlcxvg5
140,bitsong1kr9phxmf5efd7z0mf3nmr6k8qt7u8pwvlcxvg5
151,bitsong1yrnsu6jjwz0kg8wt5mred4erv22nz29vrclaeg
152,bitsong10vm5cufzctcsvfel7e785nc00sthxt8zgejhut
157,bitsong17q9x8lda8g2020rnhn9uqdtfsfhdh37vp9tny6
158,bitsong1gwjpdja2pqu4xkavehkef7n64zrhwf6kp63zq3
159,bitsong1gwjpdja2pqu4xkavehkef7n64zrhwf6kp63zq3
193,bitsong1gwjpdja2pqu4xkavehkef7n64zrhwf6kp63zq3
195,bitsong192ceynhn99lfyqfga2rvr4duxrfvyvjww23f64
273,bitsong1x2slrjfmgxq7qx3xwmsjue73t5ynmwy7nvaym7
274,bitsong1yrqsvdvxjsmj6r23lat6tm0zh7yrhhrez9d5af
275,bitsong1ym8ffeyjkevwafnyemdu3edrlgqpg3qvpqxcea
276,bitsong1waatekychq80g0w2497g3nlt4gvmjv06zm5xsl
324,bitsong1gqd76semntxx3y0wuauv8sll00zuy39035qmgp
465,bitsong1w7vcwqg59n3gket07p5f3cy0tx7q8m5nvy5j6u
466,bitsong1w7vcwqg59n3gket07p5f3cy0tx7q8m5nvy5j6u
837,bitsong17q9x8lda8g2020rnhn9uqdtfsfhdh37vp9tny6
838,bitsong17q9x8lda8g2020rnhn9uqdtfsfhdh37vp9tny6
839,bitsong17q9x8lda8g2020rnhn9uqdtfsfhdh37vp9tny6
840,bitsong17q9x8lda8g2020rnhn9uqdtfsfhdh37vp9tny6
841,bitsong17q9x8lda8g2020rnhn9uqdtfsfhdh37vp9tny6
842,bitsong17q9x8lda8g2020rnhn9uqdtfsfhdh37vp9tny6
843,bitsong17q9x8lda8g2020rnhn9uqdtfsfhdh37vp9tny6
844,bitsong17q9x8lda8g2020rnhn9uqdtfsfhdh37vp9tny6
845,bitsong17q9x8lda8g2020rnhn9uqdtfsfhdh37vp9tny6
846,bitsong17q9x8lda8g2020rnhn9uqdtfsfhdh37vp9tny6
847,bitsong192ceynhn99lfyqfga2rvr4duxrfvyvjww23f64
848,bitsong192ceynhn99lfyqfga2rvr4duxrfvyvjww23f64
849,bitsong192ceynhn99lfyqfga2rvr4duxrfvyvjww23f64
850,bitsong192ceynhn99lfyqfga2rvr4duxrfvyvjww23f64
851,bitsong192ceynhn99lfyqfga2rvr4duxrfvyvjww23f64
852,bitsong192ceynhn99lfyqfga2rvr4duxrfvyvjww23f64
853,bitsong192ceynhn99lfyqfga2rvr4duxrfvyvjww23f64
854,bitsong192ceynhn99lfyqfga2rvr4duxrfvyvjww23f64
855,bitsong192ceynhn99lfyqfga2rvr4duxrfvyvjww23f64
856,bitsong192ceynhn99lfyqfga2rvr4duxrfvyvjww23f64
857,bitsong1kr9phxmf5efd7z0mf3nmr6k8qt7u8pwvlcxvg5
858,bitsong1kr9phxmf5efd7z0mf3nmr6k8qt7u8pwvlcxvg5
859,bitsong1kr9phxmf5efd7z0mf3nmr6k8qt7u8pwvlcxvg5
860,bitsong1kr9phxmf5efd7z0mf3nmr6k8qt7u8pwvlcxvg5
861,bitsong1kr9phxmf5efd7z0mf3nmr6k8qt7u8pwvlcxvg5
862,bitsong1kr9phxmf5efd7z0mf3nmr6k8qt7u8pwvlcxvg5
863,bitsong1kr9phxmf5efd7z0mf3nmr6k8qt7u8pwvlcxvg5
864,bitsong1kr9phxmf5efd7z0mf3nmr6k8qt7u8pwvlcxvg5
865,bitsong1kr9phxmf5efd7z0mf3nmr6k8qt7u8pwvlcxvg5
866,bitsong1kr9phxmf5efd7z0mf3nmr6k8qt7u8pwvlcxvg5
867,bitsong1kr9phxmf5efd7z0mf3nmr6k8qt7u8pwvlcxvg5
868,bitsong1kr9phxmf5efd7z0mf3nmr6k8qt7u8pwvlcxvg5
869,bitsong1kr9phxmf5efd7z0mf3nmr6k8qt7u8pwvlcxvg5
870,bitsong1kr9phxmf5efd7z0mf3nmr6k8qt7u8pwvlcxvg5
871,bitsong1kr9phxmf5efd7z0mf3nmr6k8qt7u8pwvlcxvg5
872,bitsong1kr9phxmf5efd7z0mf3nmr6k8qt7u8pwvlcxvg5
873,bitsong1kr9phxmf5efd7z0mf3nmr6k8qt7u8pwvlcxvg5
874,bitsong1kr9phxmf5efd7z0mf3nmr6k8qt7u8pwvlcxvg5
875,bitsong1kr9phxmf5efd7z0mf3nmr6k8qt7u8pwvlcxvg5
876,bitsong1kr9phxmf5efd7z0mf3nmr6k8qt7u8pwvlcxvg5
877,bitsong12q567kam3tclejefg8jggkxfxues5xlhsycwp5
879,bitsong1r6anwk2jmf4040hd8jj3pky97lur0am9zmjmj7
880,bitsong1zmkncxu7sx2az048htysyh5efc6j6zdpp8claz
883,bitsong13xknrd2t5d28w3rnkly2dx3yxdwr97vhqr4z5w
884,bitsong1x2slrjfmgxq7qx3xwmsjue73t5ynmwy7nvaym7
885,bitsong1x2slrjfmgxq7qx3xwmsjue73t5ynmwy7nvaym7
886,bitsong1yrnsu6jjwz0kg8wt5mred4erv22nz29vrclaeg
887,bitsong1yrnsu6jjwz0kg8wt5mred4erv22nz29vrclaeg
888,bitsong1yrnsu6jjwz0kg8wt5mred4erv22nz29vrclaeg
889,bitsong1l9qn4d8a6lesk4syna5r2asxnz88adqudus5lt
